flow_fan,hmdfc,crc_pump,heat_cooler
0.9505738132498696,0.798774126238915,0.9311424100156495,0.8574595722483046
0.9723675947247227,0.0,0.7099505998588568,0.665519877675841
0.960802564898128,0.0,0.7921259842519687,0.7610928961748633
