flow_fan,hmdfc,crc_pump,heat_cooler
0.9885496183206107,0.8872577803875514,0.9227833235466824,0.9530240751614797
1.0,0.0,0.6212121212121212,0.6767676767676768
0.9942418426103647,0.0,0.6516556291390728,0.7153024911032029
