sky_window,cg_curtain,3way_valve
551.7543951177408,154.5455040993975,503.9080423600003
15.595789269907094,5.46907060764765,10.334981232866
