sky_window,cg_curtain,3way_valve
167.681628764751,343.0888161924514,41.13069870035785
7.2892847851216445,11.299090726780415,2.248308393233111
