sky_window,cg_curtain,3way_valve
249.42951543223697,426.9979015019278,534.706781974924
9.747733243864142,13.52690614760797,12.441240039070564
