sky_window,cg_curtain,3way_valve
296.76689783745735,328.2072786452877,534.706781974924
11.366067137479503,11.022267530595144,12.441240039070564
