flow_fan,hmdfc,crc_pump,heat_cooler
0.9644535840188014,0.8910105757931844,0.9888366627497063,0.9997062279670975
0.8173302107728337,0.48363636363636364,0.631578947368421,0.0
0.8522588522588523,0.5891472868217054,0.716417910447761,0.0
