sky_window,cg_curtain,3way_valve
199.16339015500955,448.3345531682111,99.87174883510247
8.566523935377557,13.409094720641319,2.8778316074249988
