flow_fan,hmdfc,crc_pump,heat_cooler
0.940573292938709,0.9326497319972035,0.9855511535772548,0.9972034490794687
0.9433808553971487,0.0,0.34615384615384615,0.0
0.9478207489257213,0.0,0.4655172413793104,0.0
